question_type,n,strict_pct,loose_pct,solved_pct,small_n
idea_suggestion,93,86.02150537634408,11.827956989247312,2.1505376344086025,False
scenario_generalization,57,68.42105263157895,26.31578947368421,5.263157894736842,False
user_shared_fact_recall,129,54.263565891472865,25.581395348837212,17.829457364341085,False
preference_aligned_recommendation,55,50.90909090909091,29.09090909090909,20.0,False
latest_preference_acknowledgement,17,47.05882352941176,17.647058823529413,23.52941176470588,True
preference_evolution_tracking,139,22.302158273381295,44.60431654676259,33.093525179856115,False
preference_update_reason_recall,99,17.17171717171717,21.21212121212121,55.55555555555556,False
ALL,589,46.349745331069606,27.33446519524618,24.448217317487266,False
